,DoF,DoF Baseline,chi2,chi2 p-value,chi2 Baseline,CFI,GFI,AGFI,NFI,TLI,RMSEA,AIC,BIC,LogLik
Value,49,78,118.04843665796118,1.2534589743928848e-07,2933.9909930309755,0.9758233002742484,0.959765235497192,0.9359528238526729,0.959765235497192,0.9615146412528852,0.09158497773112592,82.60297708097087,214.05872310773995,0.6985114595145632
